name,email,cif
Vickey Nikolaus,vickey.nikolaus@not_gmail.com,411111111Z
Jennefer Murray,jennefer.murray@not_gmail.com,411111112Z
Natosha Jacobi,natosha.jacobi@not_gmail.com,411111113Z
Delphine Ortiz,delphine.ortiz@not_gmail.com,411111114Z
Dawne Watsica,dawne.watsica@not_gmail.com,411111115Z
Keena McDermott,keena.mcdermott@not_gmail.com,411111116Z
Antone Mitchell,antone.mitchell@not_gmail.com,411111117Z
Calista Crooks,calista.crooks@not_gmail.com,411111118Z
Lacie Kuphal,lacie.kuphal@not_gmail.com,411111119Z
Trina Greenholt,trina.greenholt@not_gmail.com,411111110Z
Coralie Kilback,coralie.kilback@not_gmail.com,411111111Z
Kimberlie Hills,kimberlie.hills@not_gmail.com,411111112Z
Lucia Friesen,lucia.friesen@not_gmail.com,411111113Z
Douglass Okuneva,douglass.okuneva@not_gmail.com,411111114Z
Eldridge Wiegand,eldridge.wiegand@not_gmail.com,411111115Z
Loriann Anderson,loriann.anderson@not_gmail.com,411111116Z
Arden Stanton,arden.stanton@not_gmail.com,411111117Z
Adriane Zulauf,adriane.zulauf@not_gmail.com,411111118Z
Margarito Kreiger,margarito.kreiger@not_gmail.com,411111119Z
Bernardina Will,bernardina.will@not_gmail.com,411111120Z
Orpha Pouros,orpha.pouros@not_gmail.com,411111121Z
Norberto Murray,norberto.murray@not_gmail.com,411111122Z
Kathlyn Cole,kathlyn.cole@not_gmail.com,411111123Z
Josephine White,josephine.white@not_gmail.com,411111124Z
Sammie Wisoky,sammie.wisoky@not_gmail.com,411111125Z
Archie Schuster,archie.schuster@not_gmail.com,411111126Z
Debbra Rutherford,debbra.rutherford@not_gmail.com,411111127Z
Carter Huels,carter.huels@not_gmail.com,411111128Z
Tamisha Rohan,tamisha.rohan@not_gmail.com,411111129Z
Eva Bauch,eva.bauch@not_gmail.com,411111130Z
Cathleen McLaughlin,cathleen.mclaughlin@not_gmail.com,411111131Z
Daisy Murphy,daisy.murphy@not_gmail.com,411111132Z
Keena Herman,keena.herman@not_gmail.com,411111133Z
Lincoln Kulas,lincoln.kulas@not_gmail.com,411111134Z
Ramiro Bergstrom,ramiro.bergstrom@not_gmail.com,411111135Z
Alica Harris,alica.harris@not_gmail.com,411111136Z
Rebecca Zieme,rebecca.zieme@not_gmail.com,411111137Z
Ute Mitchell,ute.mitchell@not_gmail.com,411111138Z
Ezra Jones,ezra.jones@not_gmail.com,411111139Z
Silas Hudson,silas.hudson@not_gmail.com,411111140Z
Sherlene Morissette,sherlene.morissette@not_gmail.com,411111141Z
Celina Balistreri,celina.balistreri@not_gmail.com,411111142Z
Bill Hills,bill.hills@not_gmail.com,411111143Z
Tarah Renner,tarah.renner@not_gmail.com,411111144Z
Ammie O'Conner,ammie.o'conner@not_gmail.com,411111145Z
Joey Stark,joey.stark@not_gmail.com,411111146Z
Alexia Reynolds,alexia.reynolds@not_gmail.com,411111147Z
Dalton Breitenberg,dalton.breitenberg@not_gmail.com,411111148Z
Treasa Nikolaus,treasa.nikolaus@not_gmail.com,411111149Z
Jeannetta Daugherty,jeannetta.daugherty@not_gmail.com,411111150Z
Michiko Bechtelar,michiko.bechtelar@not_gmail.com,411111151Z
Brett Farrell,brett.farrell@not_gmail.com,411111152Z
Marilu Keebler,marilu.keebler@not_gmail.com,411111153Z
Lowell Lowe,lowell.lowe@not_gmail.com,411111154Z
Erline Flatley,erline.flatley@not_gmail.com,411111155Z
Bryce Greenholt,bryce.greenholt@not_gmail.com,411111156Z
Monika Donnelly,monika.donnelly@not_gmail.com,411111157Z
Keenan Carter,keenan.carter@not_gmail.com,411111158Z
Rafaela Stehr,rafaela.stehr@not_gmail.com,411111159Z
Willia Casper,willia.casper@not_gmail.com,411111160Z
Ernest Steuber,ernest.steuber@not_gmail.com,411111161Z
Hilda Rutherford,hilda.rutherford@not_gmail.com,411111162Z
Ahmed Macejkovic,ahmed.macejkovic@not_gmail.com,411111163Z
Gwen Gleichner,gwen.gleichner@not_gmail.com,411111164Z
Leilani Goodwin,leilani.goodwin@not_gmail.com,411111165Z
Candelaria Upton,candelaria.upton@not_gmail.com,411111166Z
Graciela O'Hara,graciela.o'hara@not_gmail.com,411111167Z
Susana Koss,susana.koss@not_gmail.com,411111168Z
Tyree Von,tyree.von@not_gmail.com,411111169Z
Ilana Renner,ilana.renner@not_gmail.com,411111170Z
Emely Ward,emely.ward@not_gmail.com,411111171Z
Shemika Skiles,shemika.skiles@not_gmail.com,411111172Z
Gwyn Weissnat,gwyn.weissnat@not_gmail.com,411111173Z
Saran Daniel,saran.daniel@not_gmail.com,411111174Z
Sandy Schamberger,sandy.schamberger@not_gmail.com,411111175Z
Vernon Jewess,vernon.jewess@not_gmail.com,411111176Z
Melania Little,melania.little@not_gmail.com,411111177Z
Bruce Kerluke,bruce.kerluke@not_gmail.com,411111178Z
Jenna Renner,jenna.renner@not_gmail.com,411111179Z
Bridgett Hyatt,bridgett.hyatt@not_gmail.com,411111180Z
Tristan Weber,tristan.weber@not_gmail.com,411111181Z
Makeda Zemlak,makeda.zemlak@not_gmail.com,411111182Z
Randi Herzog,randi.herzog@not_gmail.com,411111183Z
Grisel Bahringer,grisel.bahringer@not_gmail.com,411111184Z
Keenan Fahey,keenan.fahey@not_gmail.com,411111185Z
Shirlene Spinka,shirlene.spinka@not_gmail.com,411111186Z
Tiffiny McGlynn,tiffiny.mcglynn@not_gmail.com,411111187Z
Domenic Denesik,domenic.denesik@not_gmail.com,411111188Z
Gail Streich,gail.streich@not_gmail.com,411111189Z
Odell Hackett,odell.hackett@not_gmail.com,411111190Z
Geraldo Langosh,geraldo.langosh@not_gmail.com,411111191Z
Angelo Boyer,angelo.boyer@not_gmail.com,411111192Z
Caroyln Trantow,caroyln.trantow@not_gmail.com,411111193Z
Sharyl Parker,sharyl.parker@not_gmail.com,411111194Z
Andra Lehner,andra.lehner@not_gmail.com,411111195Z
Siu McGlynn,siu.mcglynn@not_gmail.com,411111196Z
Mariela Fahey,mariela.fahey@not_gmail.com,411111197Z
Davis Auer,davis.auer@not_gmail.com,411111198Z
Sanora Mayer,sanora.mayer@not_gmail.com,411111199Z
Arleen Oga,arleen.oga@not_gmail.com,411111100Z
Rocco Berge,rocco.berge@not_gmail.com,411111101Z
Yajaira Schmidt,yajaira.schmidt@not_gmail.com,411111102Z
Tess Lang,tess.lang@not_gmail.com,411111103Z
Randell Morissette,randell.morissette@not_gmail.com,411111104Z
Edra Swaniawski,edra.swaniawski@not_gmail.com,411111105Z
Caryn Gaylord,caryn.gaylord@not_gmail.com,411111106Z
Isabella Dicki,isabella.dicki@not_gmail.com,411111107Z
Adina O'Kon,adina.o'kon@not_gmail.com,411111108Z
Darby Douglas,darby.douglas@not_gmail.com,411111109Z
Joaquin Konopelski,joaquin.konopelski@not_gmail.com,411111110Z
Pura Schuster,pura.schuster@not_gmail.com,411111111Z
Lourie Bode,lourie.bode@not_gmail.com,411111112Z
Glinda Koss,glinda.koss@not_gmail.com,411111113Z
Suzette Kling,suzette.kling@not_gmail.com,411111114Z
Nick Koch,nick.koch@not_gmail.com,411111115Z
Neville Beahan,neville.beahan@not_gmail.com,411111116Z
Darryl Veum,darryl.veum@not_gmail.com,411111117Z
Noelia Simonis,noelia.simonis@not_gmail.com,411111118Z
Clementine O'Kon,clementine.o'kon@not_gmail.com,411111119Z
Pearlene Rosenbaum,pearlene.rosenbaum@not_gmail.com,411111120Z
Rona Osinski,rona.osinski@not_gmail.com,411111121Z
Jeannette Walter,jeannette.walter@not_gmail.com,411111122Z
Sandee Keeling,sandee.keeling@not_gmail.com,411111123Z
Tory Crooks,tory.crooks@not_gmail.com,411111124Z
Shanice Bauch,shanice.bauch@not_gmail.com,411111125Z
Leanora Wolf,leanora.wolf@not_gmail.com,411111126Z
Ariane Bergnaum,ariane.bergnaum@not_gmail.com,411111127Z
Leonel Price,leonel.price@not_gmail.com,411111128Z
Felix Von,felix.von@not_gmail.com,411111129Z
Wynona Leffler,wynona.leffler@not_gmail.com,411111130Z
Antonietta Wiza,antonietta.wiza@not_gmail.com,411111131Z
Ahmed Vandervort,ahmed.vandervort@not_gmail.com,411111132Z
Lashandra McDermott,lashandra.mcdermott@not_gmail.com,411111133Z
Dong Grant,dong.grant@not_gmail.com,411111134Z
Milton Fritsch,milton.fritsch@not_gmail.com,411111135Z
Fae Jones,fae.jones@not_gmail.com,411111136Z
Ivy Conroy,ivy.conroy@not_gmail.com,411111137Z
Kerrie Ernser,kerrie.ernser@not_gmail.com,411111138Z
Kanisha Langosh,kanisha.langosh@not_gmail.com,411111139Z
Mikki Schamberger,mikki.schamberger@not_gmail.com,411111140Z
Pok Baumbach,pok.baumbach@not_gmail.com,411111141Z
Tijuana Labadie,tijuana.labadie@not_gmail.com,411111142Z
Genaro Carter,genaro.carter@not_gmail.com,411111143Z
Helen Goyette,helen.goyette@not_gmail.com,411111144Z
Daron West,daron.west@not_gmail.com,411111145Z
Arcelia Cruickshank,arcelia.cruickshank@not_gmail.com,411111146Z
Colton Marks,colton.marks@not_gmail.com,411111147Z
Tamala Blanda,tamala.blanda@not_gmail.com,411111148Z
Danica Hoeger,danica.hoeger@not_gmail.com,411111149Z
Lizbeth Zemlak,lizbeth.zemlak@not_gmail.com,411111150Z
Candice Ullrich,candice.ullrich@not_gmail.com,411111151Z
Erminia Champlin,erminia.champlin@not_gmail.com,411111152Z
Almeta Ziemann,almeta.ziemann@not_gmail.com,411111153Z
Holley Kassulke,holley.kassulke@not_gmail.com,411111154Z
Shiela Feest,shiela.feest@not_gmail.com,411111155Z
Aliza Lockman,aliza.lockman@not_gmail.com,411111156Z
Karri Barrows,karri.barrows@not_gmail.com,411111157Z
Adriana Watsica,adriana.watsica@not_gmail.com,411111158Z
Vicki Labadie,vicki.labadie@not_gmail.com,411111159Z
Sunni Lynch,sunni.lynch@not_gmail.com,411111160Z
Jessenia O'Kon,jessenia.o'kon@not_gmail.com,411111161Z
Melvina Tillman,melvina.tillman@not_gmail.com,411111162Z
Sue Mertz,sue.mertz@not_gmail.com,411111163Z
Ashlie Barton,ashlie.barton@not_gmail.com,411111164Z
Livia Murphy,livia.murphy@not_gmail.com,411111165Z
Stacee Marks,stacee.marks@not_gmail.com,411111166Z
Lazaro Heaney,lazaro.heaney@not_gmail.com,411111167Z
Kimbery Muller,kimbery.muller@not_gmail.com,411111168Z
Tish Casper,tish.casper@not_gmail.com,411111169Z
Ruby Mayert,ruby.mayert@not_gmail.com,411111170Z
Rosalyn Prosacco,rosalyn.prosacco@not_gmail.com,411111171Z
Zane Bauch,zane.bauch@not_gmail.com,411111172Z
Yuriko Mayert,yuriko.mayert@not_gmail.com,411111173Z
Donetta Bauch,donetta.bauch@not_gmail.com,411111174Z
Roseanna Breitenberg,roseanna.breitenberg@not_gmail.com,411111175Z
Jared Schaefer,jared.schaefer@not_gmail.com,411111176Z
Vannesa Heaney,vannesa.heaney@not_gmail.com,411111177Z
Mckenzie Windler,mckenzie.windler@not_gmail.com,411111178Z
Fletcher Welch,fletcher.welch@not_gmail.com,411111179Z
Claudette O'Conner,claudette.o'conner@not_gmail.com,411111180Z
Daniell Wilderman,daniell.wilderman@not_gmail.com,411111181Z
Sibyl Weimann,sibyl.weimann@not_gmail.com,411111182Z
Dede Waters,dede.waters@not_gmail.com,411111183Z
Everette Wunsch,everette.wunsch@not_gmail.com,411111184Z
Willie Bernier,willie.bernier@not_gmail.com,411111185Z
Vernell Braun,vernell.braun@not_gmail.com,411111186Z
Reed Carter,reed.carter@not_gmail.com,411111187Z
Chung Ward,chung.ward@not_gmail.com,411111188Z
Lester Haag,lester.haag@not_gmail.com,411111189Z
Rosalie Klein,rosalie.klein@not_gmail.com,411111190Z
Ellsworth Witting,ellsworth.witting@not_gmail.com,411111191Z
Kasie Wiegand,kasie.wiegand@not_gmail.com,411111192Z
Floria Lehner,floria.lehner@not_gmail.com,411111193Z
Lindsey Huels,lindsey.huels@not_gmail.com,411111194Z
Jade VonRueden,jade.vonrueden@not_gmail.com,411111195Z
Sofia Konopelski,sofia.konopelski@not_gmail.com,411111196Z
Margene Lebsack,margene.lebsack@not_gmail.com,411111197Z
Brinda Hermiston,brinda.hermiston@not_gmail.com,411111198Z
Joseph Blick,joseph.blick@not_gmail.com,411111199Z
Rachal Block,rachal.block@not_gmail.com,411111200Z
Lucius Cassin,lucius.cassin@not_gmail.com,411111201Z
Kenisha Kling,kenisha.kling@not_gmail.com,411111202Z
Sid Nikolaus,sid.nikolaus@not_gmail.com,411111203Z
Twanda Tremblay,twanda.tremblay@not_gmail.com,411111204Z
Shanell Jast,shanell.jast@not_gmail.com,411111205Z
Garland Hirthe,garland.hirthe@not_gmail.com,411111206Z
Donella Carter,donella.carter@not_gmail.com,411111207Z
Adrian Rolfson,adrian.rolfson@not_gmail.com,411111208Z
Carlena Hintz,carlena.hintz@not_gmail.com,411111209Z
Andrew Brakus,andrew.brakus@not_gmail.com,411111210Z
Providencia Veum,providencia.veum@not_gmail.com,411111211Z
Marie Corwin,marie.corwin@not_gmail.com,411111212Z
Raymonde Hagenes,raymonde.hagenes@not_gmail.com,411111213Z
Waneta Goyette,waneta.goyette@not_gmail.com,411111214Z
Jerrie Medhurst,jerrie.medhurst@not_gmail.com,411111215Z
Nicholas Goyette,nicholas.goyette@not_gmail.com,411111216Z
Ricky Torp,ricky.torp@not_gmail.com,411111217Z
Libbie Connelly,libbie.connelly@not_gmail.com,411111218Z
Mellisa Kassulke,mellisa.kassulke@not_gmail.com,411111219Z
Ping Mosciski,ping.mosciski@not_gmail.com,411111220Z
Krishna Jewess,krishna.jewess@not_gmail.com,411111221Z
Delois Hyatt,delois.hyatt@not_gmail.com,411111222Z
Debora Haley,debora.haley@not_gmail.com,411111223Z
Eliz Hammes,eliz.hammes@not_gmail.com,411111224Z
Laraine Hilpert,laraine.hilpert@not_gmail.com,411111225Z
Jami Bins,jami.bins@not_gmail.com,411111226Z
Genesis Lebsack,genesis.lebsack@not_gmail.com,411111227Z
Russel Ullrich,russel.ullrich@not_gmail.com,411111228Z
Neal Cormier,neal.cormier@not_gmail.com,411111229Z
Jannette Huels,jannette.huels@not_gmail.com,411111230Z
Regine Gislason,regine.gislason@not_gmail.com,411111231Z
Dedra Barton,dedra.barton@not_gmail.com,411111232Z
Cyrstal Schamberger,cyrstal.schamberger@not_gmail.com,411111233Z
Majorie Klocko,majorie.klocko@not_gmail.com,411111234Z
Zachariah Goodwin,zachariah.goodwin@not_gmail.com,411111235Z
Zetta Heaney,zetta.heaney@not_gmail.com,411111236Z
Corina Rosenbaum,corina.rosenbaum@not_gmail.com,411111237Z
Dorotha Nicolas,dorotha.nicolas@not_gmail.com,411111238Z
Yer Kerluke,yer.kerluke@not_gmail.com,411111239Z
Gerda Oberbrunner,gerda.oberbrunner@not_gmail.com,411111240Z
Raven Cole,raven.cole@not_gmail.com,411111241Z
Shavonne Predovic,shavonne.predovic@not_gmail.com,411111242Z
Arie Hettinger,arie.hettinger@not_gmail.com,411111243Z
Deloise Jewess,deloise.jewess@not_gmail.com,411111244Z
Gerry Wolff,gerry.wolff@not_gmail.com,411111245Z
Neomi Greenfelder,neomi.greenfelder@not_gmail.com,411111246Z
Refugia Abernathy,refugia.abernathy@not_gmail.com,411111247Z
Larraine Wiegand,larraine.wiegand@not_gmail.com,411111248Z
Larisa Fisher,larisa.fisher@not_gmail.com,411111249Z
Freddie Maggio,freddie.maggio@not_gmail.com,411111250Z
Ivelisse Wisoky,ivelisse.wisoky@not_gmail.com,411111251Z
Nicolasa Swift,nicolasa.swift@not_gmail.com,411111252Z
Kalyn Pfannerstill,kalyn.pfannerstill@not_gmail.com,411111253Z
Laureen Treutel,laureen.treutel@not_gmail.com,411111254Z
Henry Pfeffer,henry.pfeffer@not_gmail.com,411111255Z
Blake Gislason,blake.gislason@not_gmail.com,411111256Z
Migdalia Bergnaum,migdalia.bergnaum@not_gmail.com,411111257Z
Herbert Ankunding,herbert.ankunding@not_gmail.com,411111258Z
Norman Streich,norman.streich@not_gmail.com,411111259Z
Claretta Steuber,claretta.steuber@not_gmail.com,411111260Z
Gracie Okuneva,gracie.okuneva@not_gmail.com,411111261Z
Harlan Denesik,harlan.denesik@not_gmail.com,411111262Z
Ronald Bayer,ronald.bayer@not_gmail.com,411111263Z
Hanna Hammes,hanna.hammes@not_gmail.com,411111264Z
Joaquin Hahn,joaquin.hahn@not_gmail.com,411111265Z
Cheryle Swift,cheryle.swift@not_gmail.com,411111266Z
Allena White,allena.white@not_gmail.com,411111267Z
Ardis Stiedemann,ardis.stiedemann@not_gmail.com,411111268Z
Jed Mueller,jed.mueller@not_gmail.com,411111269Z
Tracie Koepp,tracie.koepp@not_gmail.com,411111270Z
Karole Ortiz,karole.ortiz@not_gmail.com,411111271Z
Joselyn Rogahn,joselyn.rogahn@not_gmail.com,411111272Z
Kandis Buckridge,kandis.buckridge@not_gmail.com,411111273Z
Gina Welch,gina.welch@not_gmail.com,411111274Z
Delfina Welch,delfina.welch@not_gmail.com,411111275Z
Carlo Heller,carlo.heller@not_gmail.com,411111276Z
Marsha Mertz,marsha.mertz@not_gmail.com,411111277Z
Zula Reynolds,zula.reynolds@not_gmail.com,411111278Z
Antoine Osinski,antoine.osinski@not_gmail.com,411111279Z
Asuncion Reinger,asuncion.reinger@not_gmail.com,411111280Z
Misty Padberg,misty.padberg@not_gmail.com,411111281Z
Edward DuBuque,edward.dubuque@not_gmail.com,411111282Z
Augustine Weimann,augustine.weimann@not_gmail.com,411111283Z
Nidia Hirthe,nidia.hirthe@not_gmail.com,411111284Z
Lanita McLaughlin,lanita.mclaughlin@not_gmail.com,411111285Z
Deetta Beahan,deetta.beahan@not_gmail.com,411111286Z
Miesha Koelpin,miesha.koelpin@not_gmail.com,411111287Z
Dori Hessel,dori.hessel@not_gmail.com,411111288Z
Elroy Hane,elroy.hane@not_gmail.com,411111289Z
Marilou Smith,marilou.smith@not_gmail.com,411111290Z
Larissa Bosco,larissa.bosco@not_gmail.com,411111291Z
Laurel Connelly,laurel.connelly@not_gmail.com,411111292Z
Eugenio Cremin,eugenio.cremin@not_gmail.com,411111293Z
Ocie Runolfsdottir,ocie.runolfsdottir@not_gmail.com,411111294Z
Davina Turner,davina.turner@not_gmail.com,411111295Z
Philip Lind,philip.lind@not_gmail.com,411111296Z
Brianna Hagenes,brianna.hagenes@not_gmail.com,411111297Z
Wilton McClure,wilton.mcclure@not_gmail.com,411111298Z
Raylene King,raylene.king@not_gmail.com,411111299Z
Mora Graham,mora.graham@not_gmail.com,411111300Z
Merle Bashirian,merle.bashirian@not_gmail.com,411111301Z
Jeffry Witting,jeffry.witting@not_gmail.com,411111302Z
Bertha Price,bertha.price@not_gmail.com,411111303Z
Anglea Dare,anglea.dare@not_gmail.com,411111304Z
Rolanda Ankunding,rolanda.ankunding@not_gmail.com,411111305Z
Marc Lindgren,marc.lindgren@not_gmail.com,411111306Z
Denyse Spencer,denyse.spencer@not_gmail.com,411111307Z
Lawanna Dare,lawanna.dare@not_gmail.com,411111308Z
Kaycee Effertz,kaycee.effertz@not_gmail.com,411111309Z
Ammie Reichert,ammie.reichert@not_gmail.com,411111310Z
Alexis Parisian,alexis.parisian@not_gmail.com,411111311Z
Sherman Romaguera,sherman.romaguera@not_gmail.com,411111312Z
Fleta O'Kon,fleta.o'kon@not_gmail.com,411111313Z
Brant Borer,brant.borer@not_gmail.com,411111314Z
Vivien Predovic,vivien.predovic@not_gmail.com,411111315Z
Errol Wolf,errol.wolf@not_gmail.com,411111316Z
Jeane Wisoky,jeane.wisoky@not_gmail.com,411111317Z
Donte Labadie,donte.labadie@not_gmail.com,411111318Z
Preston Mills,preston.mills@not_gmail.com,411111319Z
Marry Mills,marry.mills@not_gmail.com,411111320Z
Bernie Feest,bernie.feest@not_gmail.com,411111321Z
Marnie Klocko,marnie.klocko@not_gmail.com,411111322Z
Norman Bins,norman.bins@not_gmail.com,411111323Z
Elisabeth Streich,elisabeth.streich@not_gmail.com,411111324Z
Lissette Leffler,lissette.leffler@not_gmail.com,411111325Z
Ehtel Hansen,ehtel.hansen@not_gmail.com,411111326Z
Maura Bahringer,maura.bahringer@not_gmail.com,411111327Z
Elenora Tromp,elenora.tromp@not_gmail.com,411111328Z
Tashina Kutch,tashina.kutch@not_gmail.com,411111329Z
Vonda Boehm,vonda.boehm@not_gmail.com,411111330Z
Parthenia Kub,parthenia.kub@not_gmail.com,411111331Z
Humberto Herzog,humberto.herzog@not_gmail.com,411111332Z
Ty Daniel,ty.daniel@not_gmail.com,411111333Z
Jeanene Romaguera,jeanene.romaguera@not_gmail.com,411111334Z
Suzann Thiel,suzann.thiel@not_gmail.com,411111335Z
Danyell O'Kon,danyell.o'kon@not_gmail.com,411111336Z
Liz Berge,liz.berge@not_gmail.com,411111337Z
Joya Hoeger,joya.hoeger@not_gmail.com,411111338Z
Jan Kessler,jan.kessler@not_gmail.com,411111339Z
Refugio Herzog,refugio.herzog@not_gmail.com,411111340Z
Daisey Stiedemann,daisey.stiedemann@not_gmail.com,411111341Z
Chi Christiansen,chi.christiansen@not_gmail.com,411111342Z
Edwardo Sporer,edwardo.sporer@not_gmail.com,411111343Z
Stephane Durgan,stephane.durgan@not_gmail.com,411111344Z
Susy Windler,susy.windler@not_gmail.com,411111345Z
Jenette McGlynn,jenette.mcglynn@not_gmail.com,411111346Z
Leroy Hauck,leroy.hauck@not_gmail.com,411111347Z
Delsie Rohan,delsie.rohan@not_gmail.com,411111348Z
Dorine Lesch,dorine.lesch@not_gmail.com,411111349Z
Salina Thiel,salina.thiel@not_gmail.com,411111350Z
Bethany Schmidt,bethany.schmidt@not_gmail.com,411111351Z
Vonda Nolan,vonda.nolan@not_gmail.com,411111352Z
Jeraldine Kerluke,jeraldine.kerluke@not_gmail.com,411111353Z
Hallie Herman,hallie.herman@not_gmail.com,411111354Z
Allyn Lubowitz,allyn.lubowitz@not_gmail.com,411111355Z
Kandis Koss,kandis.koss@not_gmail.com,411111356Z
Merlyn Block,merlyn.block@not_gmail.com,411111357Z
Noemi Effertz,noemi.effertz@not_gmail.com,411111358Z
Felton Walter,felton.walter@not_gmail.com,411111359Z
Heidy Raynor,heidy.raynor@not_gmail.com,411111360Z
Byron Jones,byron.jones@not_gmail.com,411111361Z
Jospeh Spencer,jospeh.spencer@not_gmail.com,411111362Z
Rozella Cole,rozella.cole@not_gmail.com,411111363Z
Matha Quitzon,matha.quitzon@not_gmail.com,411111364Z
Jarrod Hintz,jarrod.hintz@not_gmail.com,411111365Z
Britt Dietrich,britt.dietrich@not_gmail.com,411111366Z
Lillie Brown,lillie.brown@not_gmail.com,411111367Z
Shayne Terry,shayne.terry@not_gmail.com,411111368Z
Mauricio Hayes,mauricio.hayes@not_gmail.com,411111369Z
Maryln Shields,maryln.shields@not_gmail.com,411111370Z
Rhona Altenwerth,rhona.altenwerth@not_gmail.com,411111371Z
Magen Sauer,magen.sauer@not_gmail.com,411111372Z
Eleonor Sipes,eleonor.sipes@not_gmail.com,411111373Z
Roslyn Metz,roslyn.metz@not_gmail.com,411111374Z
Vella Wuckert,vella.wuckert@not_gmail.com,411111375Z
Justin Jewess,justin.jewess@not_gmail.com,411111376Z
Verdie Johns,verdie.johns@not_gmail.com,411111377Z
Waneta Kohler,waneta.kohler@not_gmail.com,411111378Z
Kristle Hudson,kristle.hudson@not_gmail.com,411111379Z
Kellee Macejkovic,kellee.macejkovic@not_gmail.com,411111380Z
Shyla Cronin,shyla.cronin@not_gmail.com,411111381Z
Madeleine Konopelski,madeleine.konopelski@not_gmail.com,411111382Z
Bernardina Bogisich,bernardina.bogisich@not_gmail.com,411111383Z
Su Pfannerstill,su.pfannerstill@not_gmail.com,411111384Z
Marcela Grady,marcela.grady@not_gmail.com,411111385Z
Rayford Hilll,rayford.hilll@not_gmail.com,411111386Z
Dominique Thompson,dominique.thompson@not_gmail.com,411111387Z
Marion Koepp,marion.koepp@not_gmail.com,411111388Z
Willie Barton,willie.barton@not_gmail.com,411111389Z
Orval Krajcik,orval.krajcik@not_gmail.com,411111390Z
Keva Thiel,keva.thiel@not_gmail.com,411111391Z
Sherell Gusikowski,sherell.gusikowski@not_gmail.com,411111392Z
Wen Smith,wen.smith@not_gmail.com,411111393Z
Laine Thompson,laine.thompson@not_gmail.com,411111394Z
Mathew Wiza,mathew.wiza@not_gmail.com,411111395Z
Cristy Kuphal,cristy.kuphal@not_gmail.com,411111396Z
Elayne Mante,elayne.mante@not_gmail.com,411111397Z
Valentine Crona,valentine.crona@not_gmail.com,411111398Z
Theo Bashirian,theo.bashirian@not_gmail.com,411111399Z
Tory Lockman,tory.lockman@not_gmail.com,411111400Z